station,day_in_week,hour_in_day,mean,st_dev,no_of_entries
WHA,6,7,75.07059733072917,15.633855489841407,3
WHA,6,17,113.9862060546875,0.0,1
WHA,6,18,89.3623046875,35.00341160348853,4
WHA,6,11,99.40447998046875,31.09490966796875,2
WHA,6,6,70.99542236328125,10.08892822265625,2
WHA,6,9,63.5020751953125,0.0,1
WHA,6,14,85.628173828125,6.186441070803184,3
WHA,6,15,67.7833251953125,7.0982666015625,2
WHA,6,12,126.60257975260417,58.75841550584248,3
WHA,6,13,64.5330810546875,0.0,1
WHA,6,0,76.4591064453125,2.5235595703125,2
WHA,1,7,88.27244059244792,19.688788055288533,6
WHA,1,20,62.3684814453125,1.6704891425456132,5
WHA,1,22,95.02545166015625,15.780247885924561,8
WHA,1,12,97.41230773925781,44.87755727275937,8
WHA,1,6,106.398193359375,42.72625410383528,7
WHA,1,10,73.96165635850694,9.214579203288782,9
WHA,1,13,84.41867065429688,18.122883095804436,8
WHA,1,15,95.17613002232143,20.401113888633898,7
WHA,1,17,72.46370849609374,9.13017837629483,10
WHA,1,11,79.39825439453125,12.81781005859375,2
WHA,1,19,80.27895100911458,10.154898004632974,6
WHA,1,16,63.3704833984375,2.13134765625,2
WHA,1,9,199.89456176757812,37.79354733503516,4
WHA,1,14,106.31491088867188,25.8205016656394,4
WHA,1,18,70.90207926432292,7.311589248643198,6
WHA,1,8,81.39666748046875,5.61505126953125,2
WHA,1,23,181.08601888020834,136.2278451298696,3
WHA,1,21,93.911865234375,27.898849543015263,9
WHA,1,0,64.860595703125,0.0,1
WHA,2,15,116.57988739013672,36.45051753610013,16
WHA,2,16,139.80284534801137,45.35255029320985,11
WHA,2,18,77.6692626953125,5.549641527270854,5
WHA,2,19,157.55267333984375,93.25286865234375,2
WHA,2,20,108.08883666992188,47.320331215667785,8
WHA,2,6,120.71824645996094,58.97726071604369,8
WHA,2,17,140.074853515625,53.35288228376528,5
WHA,2,21,133.86687360491072,76.53457249893052,7
WHA,2,14,91.80976213727679,24.327900343504144,7
WHA,2,11,65.7276611328125,0.0,1
WHA,2,7,77.73016357421875,15.76837158203125,2
WHA,2,22,89.243408203125,12.591062275242077,4
WHA,2,8,101.9752685546875,32.560813779113985,5
WHA,2,9,79.6165771484375,0.0,1
WHA,2,13,63.2564697265625,0.0,1
WHA,3,6,95.58081926618304,39.13155696745711,14
WHA,3,16,86.23592435396634,12.932804478974822,13
WHA,3,18,88.10401500355114,29.95120077131862,11
WHA,3,19,116.46941583806819,54.408432712988414,11
WHA,3,21,69.8331298828125,8.92870749158349,9
WHA,3,10,105.48035888671875,33.05607239869918,10
WHA,3,11,85.41790771484375,20.89084385588757,14
WHA,3,20,80.27475992838542,14.452730226953312,6
WHA,3,14,79.97689819335938,12.610502577397149,4
WHA,3,13,92.68853759765625,35.19947885103513,6
WHA,3,12,71.2579345703125,8.072640964301982,4
WHA,3,17,75.02119954427083,12.412637399439825,6
WHA,3,22,65.63663736979167,7.046076124780445,3
WHA,3,8,81.36513264973958,16.927433648775985,6
WHA,3,7,68.86335754394531,10.632785861891044,8
WHA,3,9,75.83327229817708,6.457749653693811,6
WHA,3,15,64.3834228515625,2.617164657265345,3
WHA,3,23,70.366455078125,4.5535888671875,2
WHA,4,8,104.27041625976562,4.05285403833329,4
WHA,4,18,100.0166015625,34.77191904329405,7
WHA,4,20,89.46334838867188,16.964134451015987,4
WHA,4,22,97.8037109375,0.0,1
WHA,4,6,107.71348353794643,24.02611305733105,7
WHA,4,11,73.732421875,12.856813688466264,4
WHA,4,21,164.1068115234375,81.44595152460148,3
WHA,4,10,106.08326939174107,40.00178818401336,7
WHA,4,15,88.35906982421875,1.86151123046875,2
WHA,4,13,94.021484375,15.120952131862513,3
WHA,4,14,109.345703125,0.0,1
WHA,4,17,76.02066040039062,10.433278827197281,4
WHA,4,7,108.48503766741071,36.22219987795346,7
WHA,4,16,65.89013671875,2.8270685389971932,3
WHA,4,9,125.664306640625,27.356592908507913,3
WHA,4,23,124.919921875,0.0,1
WHA,5,23,107.3565673828125,0.0,1
WHA,5,8,65.710693359375,5.662340063646201,3
WHA,5,22,115.59676106770833,36.05044393881879,3
WHA,5,11,71.6409912109375,0.0,1
WHA,5,18,72.0604248046875,0.0,1
WHA,5,13,83.56217447916667,8.645112736673024,3
WHA,5,21,79.49251302083333,13.246201178434042,3
WHA,5,16,74.16650390625,0.0,1
WHA,5,20,83.993115234375,16.226776935370847,5
WHA,5,9,77.0130615234375,6.665771484375,2
WHA,5,17,75.3992919921875,14.03076171875,2
WHA,5,6,67.1478271484375,3.85009765625,2
WHA,5,15,80.27886962890625,3.62335205078125,2
WHA,5,7,75.2501220703125,0.0,1
WHA,0,6,93.08172607421875,18.095204189996025,4
WHA,0,21,118.5540771484375,0.0,1
WHA,0,10,78.78936767578125,8.28619384765625,2
WHA,0,15,68.35922241210938,7.255954899614762,4
WHA,0,17,72.874755859375,5.9013671875,2
WHA,0,18,118.04600306919643,35.98122228621633,7
WHA,0,11,74.383056640625,4.7171630859375,2
WHA,0,16,115.7904052734375,25.627803292302143,3
WHA,0,14,82.90966796875,0.0,1
WHA,0,7,84.985107421875,15.61639852529815,5
WHA,0,8,78.29974365234375,4.39715576171875,2
WHA,0,19,66.8021240234375,5.1697998046875,2
WHA,0,9,93.86114501953125,0.67401123046875,2
WHA,0,20,68.2872314453125,0.0,1
WHA,0,22,120.845458984375,0.0,1
HOM,6,17,90.322998046875,29.128244819538935,4
HOM,6,18,85.759521484375,8.714788226827483,4
HOM,6,11,105.0206298828125,41.9788818359375,2
HOM,6,12,104.78536987304688,26.167906787059106,4
HOM,6,20,66.241455078125,0.0,1
HOM,6,7,82.8831787109375,6.094970703125,2
HOM,6,21,62.4718017578125,0.0,1
HOM,6,9,81.259033203125,0.0,1
HOM,6,16,116.1339111328125,0.0,1
HOM,6,19,63.20458984375,0.0,1
HOM,6,0,60.19384765625,0.0,1
HOM,1,7,77.04524739583333,18.113918522025177,9
HOM,1,22,97.0174560546875,16.239724815205836,8
HOM,1,12,107.60546875,47.226054871078794,6
HOM,1,16,84.65713500976562,19.62959061077254,4
HOM,1,9,149.96544189453124,58.60597953559683,10
HOM,1,17,78.6932842548077,11.05688439506835,13
HOM,1,10,103.41019112723214,54.475449281315555,7
HOM,1,13,81.46803283691406,19.423728474019278,8
HOM,1,15,104.30048479352679,21.69194182614398,7
HOM,1,8,66.208984375,3.36949544790747,5
HOM,1,19,84.7384033203125,17.53155850728411,7
HOM,1,14,90.77378627232143,21.851700458515722,7
HOM,1,18,74.6669921875,10.347069080293016,8
HOM,1,20,72.91265869140625,12.42315673828125,2
HOM,1,21,89.80745442708333,26.684801519768353,9
HOM,1,23,237.798828125,148.8267822265625,2
HOM,1,11,87.51167805989583,17.980509430757824,3
HOM,1,6,170.16302490234375,75.39898681640625,2
HOM,1,0,72.194580078125,0.0,1
HOM,2,15,128.0180402483259,32.174258878726086,14
HOM,2,16,135.4200772372159,45.585485380417225,11
HOM,2,18,84.53715896606445,22.099368299698337,6
HOM,2,17,127.0498046875,42.68658920418314,14
HOM,2,19,92.1831298828125,20.855483416952094,5
HOM,2,6,152.37815638950892,76.04196861857497,7
HOM,2,13,69.13330078125,0.0,1
HOM,2,20,117.77639770507812,49.55942079381926,4
HOM,2,21,132.7046630859375,65.86023102348122,5
HOM,2,14,98.96337890625,26.727219756754362,7
HOM,2,7,61.075927734375,0.0,1
HOM,2,22,90.786376953125,13.968985145233887,3
HOM,2,8,139.37057495117188,31.624302780572812,4
HOM,2,9,70.0946044921875,8.4114990234375,2
HOM,2,11,72.5670166015625,0.0,1
HOM,2,10,72.826904296875,0.0,1
HOM,3,12,71.260009765625,8.43966361447452,4
HOM,3,16,89.97293090820312,15.504925961752857,12
HOM,3,17,73.99818004261364,12.548943350777186,11
HOM,3,18,93.0548846905048,23.77648400085237,13
HOM,3,10,121.62900015024039,83.97060881769143,13
HOM,3,6,152.5800048828125,73.12861086499503,5
HOM,3,19,121.42123894942434,55.61486314196313,19
HOM,3,21,76.24933539496527,11.267099176476496,9
HOM,3,11,74.46698552911931,14.500763039647174,11
HOM,3,15,68.6328125,7.634164752868009,3
HOM,3,20,76.13418579101562,4.3556815966742475,4
HOM,3,13,86.60133579799107,28.704644602191344,7
HOM,3,14,85.098388671875,1.5667724609375,2
HOM,3,22,85.587646484375,0.0,1
HOM,3,8,69.781689453125,10.69121698933267,5
HOM,3,9,79.11412702287946,17.020635081545166,14
HOM,3,7,71.81329900568181,15.08695486125724,11
HOM,4,8,97.27001953125,11.103699694024547,8
HOM,4,11,75.50993347167969,16.082377836336807,8
HOM,4,18,97.1382305438702,19.437246574290707,13
HOM,4,20,94.82424926757812,26.494696213925028,4
HOM,4,9,111.69949340820312,52.49232639028628,8
HOM,4,21,173.498291015625,79.20747793711662,3
HOM,4,10,121.17860630580357,33.93512492965656,7
HOM,4,6,115.28219604492188,54.09732820393463,4
HOM,4,15,82.457763671875,20.734098148246407,3
HOM,4,13,88.17195638020833,22.003473213678628,3
HOM,4,14,102.92529296875,0.0,1
HOM,4,17,89.05231584821429,24.953008406098846,7
HOM,4,7,128.70489501953125,48.63443116221298,8
HOM,4,16,81.5074462890625,0.0,1
HOM,4,12,64.99658203125,0.0,1
HOM,4,23,135.328857421875,0.0,1
HOM,4,22,75.5205078125,0.0,1
HOM,4,19,60.54144287109375,0.20452880859375,2
HOM,5,23,66.84283447265625,2.29315185546875,2
HOM,5,22,115.8135986328125,8.4464111328125,2
HOM,5,18,73.9287109375,6.044323614586623,4
HOM,5,11,62.8525390625,0.0,1
HOM,5,13,73.36264038085938,2.9746602272288167,4
HOM,5,21,71.96500651041667,8.153483521080442,3
HOM,5,6,72.24346923828125,7.392106311259922,4
HOM,5,20,82.3393310546875,17.885161816127845,5
HOM,5,10,83.24462890625,3.1611328125,2
HOM,5,19,69.88104248046875,4.56243896484375,2
HOM,5,17,99.69853515625,24.765529670243048,5
HOM,5,15,73.30694580078125,10.02008056640625,2
HOM,5,7,63.7257080078125,0.0,1
HOM,0,10,81.67945692274306,15.644640526428336,9
HOM,0,7,74.68132019042969,9.733484591778492,8
HOM,0,21,85.11250813802083,23.31383622653552,3
HOM,0,15,74.43887329101562,10.020338242501994,4
HOM,0,18,105.71260579427083,36.636327846981615,15
HOM,0,11,73.802734375,10.018502442979496,3
HOM,0,14,76.14801025390625,7.43853759765625,2
HOM,0,16,121.5855712890625,39.71358998150831,3
HOM,0,17,83.78741455078125,9.665672618547944,4
HOM,0,8,79.05020141601562,10.959124088289085,4
HOM,0,19,68.21014404296875,4.97137451171875,2
HOM,0,9,78.97867838541667,12.4714797107832,6
HOM,0,22,133.923828125,0.0,1
YMT,6,17,106.40313720703125,27.15863037109375,2
YMT,6,18,69.06710815429688,3.864171594150051,4
YMT,6,7,75.97021484375,4.5018310546875,2
YMT,6,12,94.0789794921875,10.644265955147551,3
YMT,6,21,65.37503814697266,1.1218643188476562,2
YMT,6,6,63.1094970703125,0.0,1
YMT,6,8,63.772216796875,3.0980224609375,2
YMT,6,20,72.64144897460938,12.467071533203125,2
YMT,6,11,98.42303466796875,25.497082927161287,3
YMT,6,9,72.22802734375,0.0,1
YMT,6,16,100.8067626953125,0.0,1
YMT,6,14,69.0924072265625,0.0,1
YMT,1,7,82.75254128196023,16.650625014525787,11
YMT,1,18,72.13276290893555,8.343288225935904,8
YMT,1,22,110.9413323035607,71.54509013456992,13
YMT,1,12,85.53481674194336,25.60551713237213,12
YMT,1,17,74.40707244873047,12.897196833159759,20
YMT,1,10,92.20108413696289,29.102610939177303,12
YMT,1,9,138.39114990234376,52.90201163103847,10
YMT,1,13,87.25693197811351,19.52886992398293,17
YMT,1,15,76.54761178152901,15.000724780373504,7
YMT,1,8,82.59419759114583,6.695667682021736,3
YMT,1,19,87.22148132324219,26.699296263921187,13
YMT,1,14,90.67990112304688,19.115865544259627,4
YMT,1,11,92.04775390625,23.902039963059927,5
YMT,1,20,84.15370287214007,19.387898800310445,14
YMT,1,16,71.08528645833333,6.8080085071960115,3
YMT,1,23,229.22021484375,145.970947265625,2
YMT,1,21,91.21570301055908,27.538481178707148,16
YMT,1,6,139.01334533691406,66.66035533195435,5
YMT,2,14,71.50986735026042,11.337028951083793,6
YMT,2,15,96.35651352826287,25.95889935998996,17
YMT,2,16,107.7655029296875,42.36673699063117,14
YMT,2,20,94.79379272460938,36.30354190412521,7
YMT,2,6,127.63086954752605,51.154315913259964,9
YMT,2,18,98.86393229166667,27.694769721966413,3
YMT,2,21,124.93019757952008,67.52532128655652,7
YMT,2,17,124.00993347167969,39.773663161316215,10
YMT,2,19,118.14325714111328,47.74337194585913,8
YMT,2,22,77.9464111328125,2.7142333984375,2
YMT,2,8,90.3337646484375,23.667082032590546,5
YMT,2,10,70.667724609375,0.0,1
YMT,3,13,92.70757802327473,37.135124931969806,18
YMT,3,22,126.74412231445312,47.00714051962496,10
YMT,3,12,80.85687425401476,24.745173241514106,9
YMT,3,16,80.07993977864584,12.825335889863496,15
YMT,3,17,77.9256103515625,17.532207366247807,10
YMT,3,18,84.20203018188477,15.769054399989626,14
YMT,3,10,101.78449369731702,42.173012630347365,19
YMT,3,6,117.5535151163737,72.00837064995233,6
YMT,3,19,106.38118670063633,40.91259336457323,31
YMT,3,15,78.91058349609375,14.624507371285954,5
YMT,3,21,83.19686381022136,18.97305110816081,9
YMT,3,14,71.67261505126953,7.300711955161617,6
YMT,3,20,94.45079317959872,28.274712340263818,11
YMT,3,11,80.21018149636008,16.51282242960933,11
YMT,3,23,61.6951904296875,0.0,1
YMT,3,7,81.27752216045673,13.643480261276165,13
YMT,3,9,82.03645324707031,13.649851254927482,14
YMT,3,8,75.38909476143974,13.828355055008617,7
YMT,4,8,90.90189615885417,16.758055308217337,9
YMT,4,10,99.85098063151041,31.278056952994547,15
YMT,4,11,98.49481419154576,37.41601903055856,14
YMT,4,18,84.0546630859375,10.531213582708855,10
YMT,4,15,76.50698852539062,13.362399770665037,6
YMT,4,6,89.5538818359375,33.89112950882945,5
YMT,4,21,103.33611450195312,81.23687232647889,5
YMT,4,9,116.07445853097099,39.626363481837956,7
YMT,4,13,86.43017578125,19.6531982421875,2
YMT,4,14,75.350830078125,0.0,1
YMT,4,16,84.509033203125,4.954696443097141,3
YMT,4,17,78.16748046875,23.241683542333696,8
YMT,4,20,87.3644536336263,13.593668388114569,6
YMT,4,7,132.51021321614584,42.99096746408278,6
YMT,4,19,138.29120635986328,102.80794815160034,3
YMT,4,22,86.33909606933594,16.639103582928602,3
YMT,4,12,67.781982421875,0.0,1
YMT,4,23,123.639892578125,0.0,1
YMT,5,22,77.95391845703125,13.72906494140625,2
YMT,5,8,66.225830078125,4.176857538692407,3
YMT,5,18,70.9749755859375,6.086859436948795,3
YMT,5,13,62.87078857421875,2.00677490234375,2
YMT,5,19,78.8676544189453,7.778409576619822,5
YMT,5,20,78.17331237792969,13.04294378593857,10
YMT,5,7,67.39849853515625,5.91400146484375,2
YMT,5,23,62.9366455078125,0.0,1
YMT,5,17,92.8244873046875,20.82564222549359,5
YMT,5,10,64.703125,0.0,1
YMT,5,15,77.0780029296875,8.765869140625,2
YMT,0,10,89.12886634239784,16.25920936594194,13
YMT,0,17,79.94877243041992,12.215600822762914,8
YMT,0,7,88.42327880859375,15.382658837671226,10
YMT,0,21,98.731201171875,0.0,1
YMT,0,9,84.9680439342152,24.203099760194746,11
YMT,0,18,107.49908447265625,30.99007969503495,12
YMT,0,16,107.47237141927083,34.36552503141966,3
YMT,0,19,96.50916290283203,26.098798449639027,4
YMT,0,14,70.99267578125,0.0,1
YMT,0,11,66.3370361328125,5.0689697265625,2
YMT,0,8,84.10696411132812,10.520611937453861,4
YMT,0,6,89.09060668945312,0.0,1
YMT,0,15,66.72271728515625,3.58380126953125,2
YMT,0,20,81.51402282714844,19.86062525737911,4
YMT,0,22,100.3518295288086,11.368995666503906,2
MOK,6,17,96.40458170572917,32.38773504871697,3
MOK,6,12,67.95501708984375,6.812503638343102,4
MOK,6,20,76.11244201660156,11.928115844726562,2
MOK,6,11,102.6812973022461,19.295426045385916,4
MOK,6,7,69.88348388671875,3.22418212890625,2
MOK,6,6,60.3052978515625,0.0,1
MOK,6,9,73.68701171875,0.0,1
MOK,6,16,106.5791015625,0.0,1
MOK,6,19,63.02642822265625,1.84600830078125,2
MOK,6,18,72.75933837890625,0.24859619140625,2
MOK,1,7,71.55561174665179,9.780272700484929,7
MOK,1,8,79.367919921875,11.8828125,2
MOK,1,10,105.194677734375,49.06833228479948,10
MOK,1,9,156.97858276367188,40.99333782969556,10
MOK,1,11,78.8308837890625,9.454164159551983,5
MOK,1,15,103.66099330357143,13.576897180664165,7
MOK,1,17,69.755615234375,5.074461747739001,5
MOK,1,19,101.35135269165039,20.230779761120825,8
MOK,1,13,103.65225774591619,19.845585837622085,11
MOK,1,14,97.78727213541667,27.84790420516965,9
MOK,1,12,120.0060546875,34.49957682617978,10
MOK,1,20,92.97586398654514,20.86364004183101,9
MOK,1,16,61.5997314453125,0.0,1
MOK,1,18,67.81578572591145,1.4907893543446042,3
MOK,1,23,121.27392578125,80.36454553508467,3
MOK,1,22,144.44852701822916,78.78523081400245,6
MOK,1,21,98.67201741536458,20.035044267714728,6
MOK,1,6,150.6599349975586,68.51380456561867,4
MOK,2,14,84.44903945922852,16.93714983014736,8
MOK,2,15,102.90944925944011,24.86630270981884,18
MOK,2,16,105.99400329589844,36.19966334564248,14
MOK,2,20,97.4417724609375,30.899626535766554,6
MOK,2,6,113.08896706321023,47.369051480740126,11
MOK,2,18,105.22997436523437,37.42250850818392,5
MOK,2,17,122.01178213266226,48.08062999928616,13
MOK,2,19,134.60300827026367,52.396483897398376,8
MOK,2,21,124.54563249860492,72.91926008228755,7
MOK,2,22,75.20831298828125,9.52984619140625,2
MOK,2,11,61.371826171875,0.0,1
MOK,2,8,79.5032958984375,9.2041015625,2
MOK,2,10,61.65234375,0.0,1
MOK,2,7,61.4656982421875,0.0,1
MOK,3,13,122.94033813476562,46.575877251409686,17
MOK,3,22,106.3646741594587,35.98656761315382,14
MOK,3,6,117.38582356770833,65.84458780548631,6
MOK,3,12,88.00158255440849,27.057279255756686,7
MOK,3,16,78.83112127130681,15.492163898837022,11
MOK,3,17,71.19039481026786,12.358342231719446,7
MOK,3,18,85.30732844426082,16.488368680753847,13
MOK,3,10,97.01731872558594,33.998962923516316,14
MOK,3,19,87.118564453125,20.639572170868988,25
MOK,3,11,70.72030639648438,9.279781859562144,16
MOK,3,21,72.03447723388672,9.414422918093509,4
MOK,3,14,68.5232177734375,6.960540282521796,5
MOK,3,20,86.28518295288086,23.26415223142644,16
MOK,3,15,87.28128814697266,10.569273129148876,4
MOK,3,23,74.0235595703125,9.093017578125,2
MOK,3,8,74.7149658203125,9.232028599069634,3
MOK,3,7,75.65277099609375,9.253126875320424,12
MOK,3,9,73.69517869215746,7.284181524710192,13
MOK,4,8,79.93051486545139,11.880366251549379,9
MOK,4,10,92.62052612304687,27.527875119679713,15
MOK,4,15,76.23370971679688,10.023238513793249,5
MOK,4,9,104.39701334635417,25.3855048893875,6
MOK,4,11,101.0738525390625,36.47672561978025,10
MOK,4,18,78.93813254616477,8.017461681704065,11
MOK,4,21,66.54016985212054,4.722829650362488,7
MOK,4,6,111.17472330729167,28.863529137200445,3
MOK,4,20,78.48803274972099,19.232671245287566,7
MOK,4,13,84.453369140625,18.610107421875,2
MOK,4,16,72.5487060546875,7.5140380859375,2
MOK,4,17,87.95169067382812,22.007044034197875,4
MOK,4,7,105.98334394182477,30.708154027551288,7
MOK,4,22,92.80220794677734,18.36417198249051,4
MOK,4,19,178.695556640625,111.7850341796875,2
MOK,4,23,144.0386962890625,0.0,1
MOK,5,22,78.312744140625,10.3389892578125,2
MOK,5,18,72.10064697265625,9.362800398603573,4
MOK,5,10,66.61771647135417,2.7792790003440273,3
MOK,5,13,64.88165283203125,4.82098388671875,2
MOK,5,19,82.87818400065105,11.35383818344274,3
MOK,5,20,80.13836330837674,16.191270793248258,9
MOK,5,7,74.54443359375,0.0,1
MOK,5,17,101.71295166015625,12.523348033220168,4
MOK,5,14,67.8194580078125,0.0,1
MOK,5,21,68.427734375,0.0,1
MOK,5,11,61.5333251953125,0.0,1
MOK,0,10,77.88624064127605,8.51132405579603,9
MOK,0,11,71.081298828125,4.029691488543328,3
MOK,0,21,97.0972900390625,0.0,1
MOK,0,9,90.05751342773438,21.93605751298498,5
MOK,0,18,94.71185302734375,18.03538313393079,10
MOK,0,7,72.92759704589844,8.926074399127819,8
MOK,0,16,112.22819010416667,49.09691472644801,3
MOK,0,19,99.09705200195313,24.45809066747308,5
MOK,0,14,63.8043212890625,2.871826171875,2
MOK,0,17,61.8631591796875,1.7020263671875,2
MOK,0,8,67.8836669921875,6.845795626883778,3
MOK,0,6,67.66165161132812,0.0,1
MOK,0,15,69.47174072265625,1.44512939453125,2
MOK,0,20,74.88463745117187,16.800250960644068,5
MOK,0,22,71.51106262207031,6.3294219970703125,2
PRE,6,17,97.9840087890625,33.75617540444015,3
PRE,6,18,73.22113037109375,12.12847900390625,2
PRE,6,19,62.9261474609375,0.0,1
PRE,6,20,79.07522583007812,11.439117431640632,2
PRE,6,13,98.5371805826823,5.690668311894172,3
PRE,6,11,120.5907491048177,16.65336294081186,3
PRE,6,7,76.364990234375,0.0,1
PRE,6,21,67.7816162109375,0.0,1
PRE,6,10,62.8856201171875,0.0,1
PRE,6,16,73.391845703125,10.232666015625,2
PRE,6,9,64.1092529296875,0.0,1
PRE,6,12,61.2691650390625,0.0,1
PRE,6,0,65.877685546875,0.0,1
PRE,1,7,74.35116577148438,6.185895739748873,4
PRE,1,18,80.2045186360677,10.467968931653322,3
PRE,1,20,85.55366516113281,23.030955080044205,10
PRE,1,10,108.32957763671875,61.89792240589924,10
PRE,1,9,154.01401034268466,53.610804958535105,11
PRE,1,11,90.60226440429688,12.977017537516137,3
PRE,1,15,76.59984970092773,11.920873818763484,8
PRE,1,19,96.98930358886719,25.975123771248334,8
PRE,1,13,87.87376098632812,20.705169261497538,15
PRE,1,14,85.85797119140625,20.963909629806892,8
PRE,1,17,68.19823201497395,4.538508438366451,6
PRE,1,8,69.1583251953125,0.0,1
PRE,1,6,136.68263549804686,67.88589679195992,5
PRE,1,23,124.15083821614583,76.20510980462387,3
PRE,1,22,105.54488830566406,57.35983289291834,10
PRE,1,12,120.24498956853694,56.935098520333675,11
PRE,1,21,78.37913818359375,13.744620998303997,5
PRE,2,15,85.46987697056362,18.603672499645924,14
PRE,2,16,144.36673409598214,76.14269846359309,7
PRE,2,20,86.14996337890625,22.8014676667375,6
PRE,2,6,100.64998626708984,40.51592481745664,8
PRE,2,19,163.94381103515624,64.30559967608065,5
PRE,2,21,124.56611328125,67.09200380695908,5
PRE,2,17,115.40901402064732,38.58630555502749,7
PRE,2,18,98.65616861979167,16.893094384373313,3
PRE,2,14,76.06214396158855,17.26492148278494,3
PRE,2,22,90.37187194824219,8.070846557617188,2
PRE,2,11,65.1234130859375,0.0,1
PRE,2,10,64.43797302246094,1.5639495849609375,2
PRE,2,7,68.7698974609375,0.0,1
PRE,2,8,60.4178466796875,0.0,1
PRE,3,13,125.39415785845588,50.87560096933166,17
PRE,3,22,85.9974387032645,32.31418863417157,14
PRE,3,6,121.50295003255208,63.54737171752,6
PRE,3,10,97.84626770019531,37.16420274118901,14
PRE,3,12,96.93975448608398,27.920478058782106,8
PRE,3,17,82.955322265625,0.0,1
PRE,3,15,85.86225891113281,11.566714225920895,6
PRE,3,19,89.45491536458333,22.97561432697634,24
PRE,3,11,72.68189748128255,11.064108696564565,12
PRE,3,18,80.35354953342014,15.807974753105364,9
PRE,3,21,69.7564697265625,0.0,1
PRE,3,14,67.92020263671876,3.7485247677769276,5
PRE,3,20,86.46005249023438,25.253959725366013,16
PRE,3,16,81.66095842633929,12.771643938716572,7
PRE,3,23,70.5609130859375,0.0,1
PRE,3,7,69.890869140625,9.119779442997382,9
PRE,3,9,71.2987801688058,9.102979781575286,14
PRE,3,8,67.21522521972656,6.324125645405301,6
PRE,4,8,75.46160888671875,10.523405472624804,6
PRE,4,20,66.73332214355469,5.9789596257686535,8
PRE,4,15,79.83182779947917,12.701931888072796,6
PRE,4,9,99.78988647460938,28.212419970943575,7
PRE,4,11,113.5394120649858,35.109784426336425,11
PRE,4,6,121.50760904947917,19.882244633191142,3
PRE,4,10,94.60019625150241,22.840763166574764,13
PRE,4,16,64.3817138671875,2.967513270186416,3
PRE,4,13,75.16729736328125,7.95843505859375,2
PRE,4,17,70.286083984375,7.651212754765775,5
PRE,4,7,106.79603746202257,35.18211752067922,9
PRE,4,19,124.41255950927734,91.42400037079678,4
PRE,4,18,81.00735473632812,12.164012213444082,4
PRE,4,22,76.52322387695312,0.297637939453125,2
PRE,5,8,74.40283203125,0.0,1
PRE,5,22,73.12907409667969,7.5074005126953125,2
PRE,5,18,72.17074584960938,5.714954564121164,5
PRE,5,10,74.8033447265625,3.767333984375,2
PRE,5,19,80.43570963541667,13.660328520855265,3
PRE,5,20,84.3087158203125,14.318059692472453,7
PRE,5,7,62.206339518229164,0.36243737673711224,3
PRE,5,17,97.45431518554688,7.472033139373245,4
PRE,5,11,65.7921142578125,0.0,1
PRE,5,13,61.9654541015625,0.0,1
PRE,0,10,76.38336690266927,8.484315047512151,6
PRE,0,11,70.98111979166667,7.043820797264406,3
PRE,0,21,99.2530517578125,0.0,1
PRE,0,9,80.75293986002605,17.70952668509667,9
PRE,0,7,67.68780517578125,6.804603115084849,6
PRE,0,16,126.58367919921875,58.10150146484375,2
PRE,0,19,101.68316040039062,23.126573920988097,5
PRE,0,8,69.74454752604167,6.022839463602432,3
PRE,0,6,74.01351928710938,0.0,1
PRE,0,15,72.73028564453125,7.10601806640625,2
PRE,0,18,81.04986572265625,8.48135195863569,4
PRE,0,20,80.37732696533203,19.66858051761566,4
PRE,0,22,73.08648681640625,0.0,1
SKM,6,16,79.74813842773438,10.224527057135985,4
SKM,6,17,88.68600463867188,23.48632943966281,4
SKM,6,18,78.02923583984375,10.92254638671875,2
SKM,6,19,63.18365478515625,1.08306884765625,2
SKM,6,20,76.49526977539062,3.460601806640625,2
SKM,6,13,96.8591817220052,4.409580630870157,3
SKM,6,11,122.40570068359375,13.866784679400633,3
SKM,6,9,61.2867431640625,0.0,1
SKM,6,12,63.81787109375,2.3240966796875,2
SKM,1,7,69.707080078125,4.610057652629091,5
SKM,1,10,107.1978515625,58.768648603600695,10
SKM,1,18,72.89444986979167,6.635080412843979,3
SKM,1,9,147.2653253728693,54.301767767841774,11
SKM,1,11,78.5048828125,15.973094511794844,7
SKM,1,15,88.54659016927083,13.035092844300957,6
SKM,1,19,89.65214369032118,29.19292523298665,9
SKM,1,13,94.28057861328125,24.161790891641818,9
SKM,1,14,98.68242536272321,22.920736184728927,7
SKM,1,17,69.0240234375,10.058531017337465,5
SKM,1,20,94.60861714680989,14.650582938866219,6
SKM,1,8,62.8385009765625,0.0,1
SKM,1,23,245.7288818359375,0.0,1
SKM,1,22,107.29584418402777,54.60763003136247,9
SKM,1,12,127.22217559814453,56.5030907798086,8
SKM,1,6,160.79266357421875,63.27607723396019,4
SKM,1,21,72.8758544921875,11.060259098333216,6
SKM,1,16,63.92242431640625,0.0,1
SKM,2,15,86.92898152669271,20.85720972851682,15
SKM,2,16,133.18136160714286,55.97491539443713,7
SKM,2,6,105.36284044053819,43.857597696634556,9
SKM,2,18,111.94508870442708,56.46684534061567,6
SKM,2,19,199.1780548095703,35.07511090974876,4
SKM,2,20,103.70574951171875,25.75728079974828,4
SKM,2,21,115.83871459960938,65.24000337699351,7
SKM,2,17,113.49981689453125,39.944944904129,7
SKM,2,14,77.40812174479167,16.967905222087495,3
SKM,2,22,91.603515625,6.801513671875,2
SKM,2,11,66.1290283203125,0.0,1
SKM,2,10,64.04656982421875,4.01690673828125,2
SKM,2,13,61.9891357421875,0.0,1
SKM,2,9,63.5682373046875,0.0,1
SKM,3,13,129.75667928059895,43.48299156527212,15
SKM,3,22,89.3788833618164,27.309177482337603,12
SKM,3,12,96.23338535853794,25.74472949663517,7
SKM,3,17,63.6993408203125,2.228766065918674,3
SKM,3,10,104.77546830610795,43.71757230521769,11
SKM,3,6,124.33411661783855,58.86229048073255,6
SKM,3,19,88.73389467985734,18.970424049957703,23
SKM,3,11,74.86222145774148,13.162154368535358,11
SKM,3,21,67.1849136352539,3.666081263789274,4
SKM,3,20,89.98029479980468,22.617990444220162,10
SKM,3,18,88.17473493303571,8.495535514649752,7
SKM,3,16,86.51711018880208,17.06612337235779,6
SKM,3,15,78.86355590820312,7.660277556862381,4
SKM,3,23,66.1541748046875,0.0,1
SKM,3,14,61.982666015625,0.0,1
SKM,3,7,68.64484320746527,7.299260078249552,9
SKM,3,9,69.70269775390625,7.588693647188467,10
SKM,3,8,73.23286819458008,10.503036945440636,8
SKM,4,8,76.36395263671875,10.629844152952378,5
SKM,4,7,95.38117327008929,31.610803636379796,14
SKM,4,15,72.8261474609375,11.438313699193202,5
SKM,4,11,101.06045193142361,33.227046375109786,9
SKM,4,9,86.02411566840277,18.915030866142192,9
SKM,4,10,90.68634033203125,19.417141108683722,12
SKM,4,6,125.85453287760417,28.39420054482466,3
SKM,4,13,76.5052490234375,13.199951171875,2
SKM,4,14,62.2371826171875,0.0,1
SKM,4,16,62.0418701171875,0.0,1
SKM,4,20,64.18930053710938,3.689684424286169,4
SKM,4,17,70.10064697265625,5.435089208228636,4
SKM,4,18,91.11429595947266,12.773042147125215,4
SKM,4,22,70.60990905761719,6.3409576416015625,2
SKM,4,19,138.59383392333984,111.17555274175277,4
SKM,5,8,65.861328125,0.0,1
SKM,5,22,86.335693359375,0.0,1
SKM,5,18,77.61606852213542,11.13658426481154,6
SKM,5,10,86.34320068359375,4.36920166015625,2
SKM,5,20,81.36513671875,21.00203999156117,5
SKM,5,17,100.67535400390625,10.515875867377803,4
SKM,5,11,71.580322265625,0.0,1
SKM,5,13,60.406494140625,0.0,1
SKM,5,19,79.022705078125,12.7633056640625,2
SKM,5,7,77.04776000976562,0.0,1
SKM,5,15,64.1009521484375,0.0,1
SKM,5,14,67.03515625,0.0,1
SKM,0,10,73.45018005371094,11.405390733560663,4
SKM,0,9,75.20814208984375,12.225714721196402,5
SKM,0,11,68.9637451171875,4.785868596622854,3
SKM,0,21,86.7176513671875,24.8817138671875,2
SKM,0,7,66.51361955915179,6.16324621983213,7
SKM,0,16,137.64312744140625,57.12640380859375,2
SKM,0,19,95.41558074951172,20.52091401753333,4
SKM,0,8,64.46600341796875,0.01763916015625,2
SKM,0,18,85.8948974609375,19.99883310842843,3
SKM,0,15,87.75634765625,0.0,1
SKM,0,20,94.193359375,0.0,1
KOT,6,16,87.12287902832031,7.209531635824068,4
KOT,6,17,91.60579427083333,27.027426225833167,3
KOT,6,18,85.008544921875,0.0,1
KOT,6,19,66.14874267578125,3.11639404296875,2
KOT,6,20,71.67059326171875,11.08745607708675,3
KOT,6,13,106.06374104817708,5.83714214344033,3
KOT,6,11,136.2757568359375,17.327941894531257,2
KOT,6,10,67.535400390625,0.0,1
KOT,6,6,65.7030029296875,0.0,1
KOT,6,12,61.1256103515625,0.0,1
KOT,6,22,70.84344482421875,0.0,1
KOT,1,7,67.6729736328125,4.190693096913309,6
KOT,1,18,64.61767578125,4.578382802969418,4
KOT,1,20,91.64958953857422,20.24713854589961,8
KOT,1,10,113.48579915364583,61.21840750227432,9
KOT,1,9,152.02110595703124,44.53473289075216,10
KOT,1,11,78.99921875,7.667408578789886,5
KOT,1,8,65.23211669921875,0.0,1
KOT,1,15,70.86062622070312,9.777637526426568,8
KOT,1,19,92.79649522569444,24.428045935188184,9
KOT,1,16,71.1656494140625,6.969641230909205,4
KOT,1,14,91.28631591796875,25.05063829844121,7
KOT,1,12,111.93288845486111,50.424811552806304,9
KOT,1,6,127.71070353190105,72.91169181038707,6
KOT,1,23,67.325927734375,0.0,1
KOT,1,13,81.1521224975586,19.78179323082561,8
KOT,1,22,103.94509610262784,53.78754369268074,11
KOT,1,17,62.124735514322914,1.3925421500437574,3
KOT,1,21,73.50733439127605,11.27963191446741,6
KOT,2,14,74.59906005859375,12.642677540331514,4
KOT,2,15,88.17938950482537,19.626300422654648,17
KOT,2,16,121.66677420479911,41.1605628383506,7
KOT,2,18,102.66317749023438,56.712187995467694,6
KOT,2,6,102.95534261067708,46.8580719473217,6
KOT,2,19,175.09136962890625,54.56480205327511,5
KOT,2,20,91.89197998046875,27.33985878505912,5
KOT,2,21,132.64035034179688,61.512218225187716,6
KOT,2,17,106.1481689453125,39.582685416077126,5
KOT,2,22,94.270751953125,5.5848388671875,2
KOT,2,11,62.22509765625,0.0,1
KOT,2,10,65.88616943359375,0.0,1
KOT,2,7,82.0762939453125,0.0,1
KOT,3,22,100.66592068142361,35.58714454697358,9
KOT,3,10,99.22041672926683,43.119604529893614,13
KOT,3,12,98.77994210379464,29.214436193771533,7
KOT,3,13,132.4102783203125,46.535053024473015,14
KOT,3,17,65.20623779296875,2.620338681385354,5
KOT,3,6,144.4736572265625,55.93619794733532,5
KOT,3,15,82.78541564941406,12.84661961859148,4
KOT,3,19,86.92037300441577,22.76461296023737,23
KOT,3,11,71.9547119140625,10.989545954057663,9
KOT,3,21,67.694580078125,4.565645212672247,3
KOT,3,20,92.35647583007812,25.289332437904893,10
KOT,3,18,80.71916198730469,13.255630303026615,8
KOT,3,16,85.37823486328125,16.204960438380418,8
KOT,3,14,60.97900390625,0.0,1
KOT,3,8,82.46170654296876,8.972588637732064,5
KOT,3,7,69.04596819196429,10.595734468024649,7
KOT,3,9,72.10517883300781,10.064634680525447,12
KOT,4,8,68.44131469726562,4.684466621387722,4
KOT,4,7,100.6505126953125,30.030101025788465,15
KOT,4,15,78.425244140625,11.553426084756042,5
KOT,4,10,83.55124136117789,15.876010184647296,13
KOT,4,11,108.62429809570312,28.361835863783668,10
KOT,4,9,81.13966878255208,14.091120273745739,9
KOT,4,16,64.04447428385417,3.1904480215546838,3
KOT,4,6,134.36319986979166,27.54631510983168,3
KOT,4,17,68.5218505859375,7.902812465375992,4
KOT,4,13,92.0792236328125,0.0,1
KOT,4,14,66.434814453125,0.0,1
KOT,4,20,69.64552001953125,6.920982623906337,5
KOT,4,18,80.13238525390625,6.502784096651541,3
KOT,4,22,88.62435913085938,7.944366455078125,2
KOT,4,19,152.75260416666666,115.03376265286138,3
KOT,5,8,64.3643798828125,0.0,1
KOT,5,22,76.250732421875,7.7752685546875,2
KOT,5,18,73.49770100911458,8.363011759068092,6
KOT,5,10,89.54095458984375,1.75445556640625,2
KOT,5,19,76.86505126953125,17.602786374517393,4
KOT,5,20,87.49751281738281,23.140430210692934,4
KOT,5,11,63.036214192708336,1.9516812553683063,3
KOT,5,17,85.10159301757812,15.367762061398572,4
KOT,5,15,65.98251342773438,1.549652099609375,2
KOT,5,12,63.9844970703125,0.0,1
KOT,5,13,62.1798095703125,0.0,1
KOT,5,7,71.71994018554688,0.994720458984375,2
KOT,5,14,60.2738037109375,0.0,1
KOT,0,10,69.50971984863281,5.771242719741151,4
KOT,0,11,63.225341796875,0.0,1
KOT,0,21,90.182861328125,23.5614013671875,2
KOT,0,9,72.40250069754464,8.5720763667103,7
KOT,0,7,69.05552455357143,7.3689225375129,7
KOT,0,14,61.576171875,0.0,1
KOT,0,16,193.486572265625,0.0,1
KOT,0,19,90.92790222167969,19.458163749585708,4
KOT,0,15,81.409423828125,5.078857421875,2
KOT,0,18,66.013916015625,0.0,1
KOT,0,20,80.755615234375,14.198913574218757,2
KOT,0,8,69.793212890625,0.0,1
KOT,0,22,63.07257080078125,0.0,1
LOF,6,16,86.36775207519531,10.261235492511293,4
LOF,6,17,89.25083414713542,28.177965323707905,3
LOF,6,18,71.25823974609375,0.0,1
LOF,6,20,67.65914916992188,4.910186767578125,2
LOF,6,13,116.69256591796872,8.318318861544524,5
LOF,6,11,134.68841552734375,24.848632812499993,2
LOF,6,8,65.33917236328125,0.0,1
LOF,6,22,111.791748046875,0.0,1
LOF,6,12,67.8143310546875,0.0,1
LOF,1,7,65.99462890625,0.0,1
LOF,1,18,68.18603515625,4.447181581360075,3
LOF,1,20,87.29359654017857,17.42617038175156,7
LOF,1,10,115.60570526123047,63.38208755049718,8
LOF,1,8,73.61263020833333,1.6035662625126308,3
LOF,1,9,126.6605694110577,55.13703308672882,13
LOF,1,11,79.80726114908855,12.139441745719738,6
LOF,1,16,69.79725341796875,7.0956930877505355,5
LOF,1,15,66.75189208984375,5.265125571742088,5
LOF,1,19,85.2325210571289,20.69894127262352,8
LOF,1,13,78.27415974934895,14.78148555716688,6
LOF,1,14,92.2021240234375,26.433336014520616,5
LOF,1,17,70.9141845703125,0.0,1
LOF,1,6,147.464990234375,71.49617185461354,5
LOF,1,23,62.9393310546875,0.0,1
LOF,1,22,108.88932495117187,51.155125873985966,10
LOF,1,12,121.23939732142857,46.63588772385012,7
LOF,1,21,74.13961181640624,9.539194611689746,5
LOF,2,14,68.40971374511719,5.393643318457665,4
LOF,2,15,85.37684044471153,14.575399574720118,13
LOF,2,16,96.03752790178571,28.350793702113926,7
LOF,2,18,102.00238037109375,44.24686599627078,6
LOF,2,6,113.98355102539062,42.92381563037622,8
LOF,2,19,145.15105183919272,52.719361345743934,6
LOF,2,20,91.2547607421875,19.316540302843883,3
LOF,2,21,126.0262939453125,59.663933180216446,5
LOF,2,17,90.93864135742187,30.34624627833999,10
LOF,2,22,90.887451171875,4.6029052734375,2
LOF,2,10,63.811309814453125,0.229888916015625,2
LOF,2,7,76.97735595703125,0.0,1
LOF,3,13,133.30804824829102,47.54629904477905,16
LOF,3,22,94.0435546875,31.861019101386116,10
LOF,3,10,94.1491366299716,19.5492922886777,11
LOF,3,12,98.78432791573661,26.365208021728833,7
LOF,3,17,62.1712646484375,2.219660498277484,3
LOF,3,6,112.28245544433594,56.39053316227065,8
LOF,3,15,76.25279235839844,3.522857856325846,4
LOF,3,19,91.6187235514323,22.05497163699279,18
LOF,3,21,71.20089721679688,0.916900634765625,2
LOF,3,18,85.75958251953125,19.441338927509015,10
LOF,3,20,89.72808074951172,22.14085794416743,8
LOF,3,16,90.941162109375,8.212789668257606,5
LOF,3,11,67.05015869140625,7.419881432310835,5
LOF,3,14,66.6436767578125,6.1467485867048985,3
LOF,3,9,68.08935546875,8.146943082190862,15
LOF,3,7,70.92890625,8.04324109128176,5
LOF,3,8,98.73905592698317,32.46809839204619,13
LOF,4,7,106.22144775390625,30.9267731540878,15
LOF,4,15,80.9001220703125,8.582983000881447,5
LOF,4,21,67.6588134765625,0.0,1
LOF,4,10,84.39743041992188,16.727211789046784,14
LOF,4,11,116.57503933376736,31.38416370797583,9
LOF,4,9,77.40013292100694,11.633792970335106,9
LOF,4,6,131.48038736979166,16.835677395331025,3
LOF,4,20,74.94285583496094,8.353918865244701,4
LOF,4,8,66.33444213867188,3.593728717839416,4
LOF,4,13,91.90478515625,0.0,1
LOF,4,17,79.79266357421875,7.49114990234375,2
LOF,4,19,146.68485514322916,109.82830453475682,3
LOF,4,18,78.62606201171874,11.992707719708685,5
LOF,4,22,83.0257568359375,7.825012207031257,2
LOF,4,16,77.17822265625,0.0,1
LOF,5,22,72.5123291015625,3.5155029296875,2
LOF,5,18,73.86884416852679,4.907623280448501,7
LOF,5,10,84.16839599609375,3.00714111328125,2
LOF,5,9,85.308349609375,0.0,1
LOF,5,19,82.62380981445312,17.226715087890632,2
LOF,5,20,88.4620361328125,19.87522330442326,3
LOF,5,17,89.77718098958333,19.28522969065952,3
LOF,5,15,66.894775390625,0.0,1
LOF,5,13,60.787353515625,0.0,1
LOF,5,7,88.94677734375,0.0,1
LOF,0,10,70.5565185546875,5.406356695809162,5
LOF,0,21,76.39190673828125,14.111083984374993,2
LOF,0,9,70.40128871372768,6.205041704449997,7
LOF,0,16,182.98956298828125,0.0,1
LOF,0,19,88.19528198242188,16.797080272124425,4
LOF,0,17,62.8427734375,0.0,1
LOF,0,6,61.597900390625,0.0,1
LOF,0,8,69.08456420898438,8.833404541015625,2
LOF,0,15,84.48928833007812,0.865509033203125,2
LOF,0,7,68.021240234375,9.226077054889664,3
LOF,0,20,85.52825927734375,0.0,1
LOF,0,22,62.8240966796875,0.0,1
WTS,6,16,80.51153564453125,14.979419093367449,4
WTS,6,17,116.921875,0.0,1
WTS,6,18,60.68792724609375,0.0,1
WTS,6,13,114.0870361328125,12.58702207352188,5
WTS,6,12,63.7181396484375,0.0,1
WTS,6,20,73.00885009765625,0.0,1
WTS,6,11,133.7266845703125,26.46630859375,2
WTS,6,8,67.19732666015625,0.99871826171875,2
WTS,6,6,62.3336181640625,0.0,1
WTS,6,22,93.76043701171876,0.0,1
WTS,1,20,82.60191650390625,15.243227390761644,5
WTS,1,10,100.1954345703125,57.26707318999072,12
WTS,1,9,120.21184430803571,53.62856426678473,14
WTS,1,11,80.13743373325893,16.83597707869298,7
WTS,1,16,73.38428606305804,14.222800659192702,7
WTS,1,15,64.60252685546875,4.294593042342357,5
WTS,1,19,81.62663269042969,22.984679035685318,8
WTS,1,13,79.07587890625,12.601837583756959,5
WTS,1,14,94.4685302734375,28.150710382145526,5
WTS,1,8,60.52508544921875,0.0,1
WTS,1,6,116.4570068359375,45.36394021080465,5
WTS,1,18,87.90994262695312,8.081634521484375,2
WTS,1,23,81.712646484375,0.0,1
WTS,1,22,124.20266723632812,49.96159157438553,8
WTS,1,12,116.88106863839286,46.073183291611144,7
WTS,1,21,89.0844970703125,19.971211318607256,5
WTS,2,6,111.23599582248264,42.985953281941725,9
WTS,2,15,79.98619384765625,14.924533608155961,15
WTS,2,16,82.43687608506944,26.718525645250704,9
WTS,2,18,97.75897979736328,35.13278176545437,8
WTS,2,20,96.28211466471355,30.98644087667871,6
WTS,2,19,135.3626912434896,50.22655696914686,6
WTS,2,21,139.3028564453125,64.86357057282514,6
WTS,2,14,73.42645263671875,7.520925792997971,3
WTS,2,17,95.56775512695313,28.33313092049889,10
WTS,2,22,87.71701049804688,6.907623291015625,2
WTS,2,7,90.21464029947917,36.22033660003618,3
WTS,3,13,125.97827962239583,44.22633892314509,15
WTS,3,22,94.78735961914063,34.583388039182346,10
WTS,3,16,80.39163818359376,16.62408780434017,5
WTS,3,10,104.71456146240234,15.640752912858902,8
WTS,3,6,114.5417251586914,59.0827680001701,8
WTS,3,15,74.33642578125,8.100632582559511,4
WTS,3,19,87.46517605251736,22.36004570989819,18
WTS,3,21,65.13677978515625,1.48846435546875,2
WTS,3,18,87.85796356201172,8.698957234206393,8
WTS,3,20,91.70296805245536,21.756004221489736,7
WTS,3,12,103.14095052083333,28.32240487675289,6
WTS,3,7,64.11381022135417,1.9658017211058523,3
WTS,3,14,66.00260416666667,4.486629284530536,3
WTS,3,11,73.06936645507812,0.888519287109375,2
WTS,3,9,71.25072631835937,6.546891318875029,10
WTS,3,17,65.46793619791667,3.6133795820493964,3
WTS,3,8,116.40103149414062,47.23520627515332,12
WTS,4,7,114.80653889973958,31.385329402887102,15
WTS,4,15,79.87928466796875,8.671054344043025,5
WTS,4,21,81.0633544921875,0.0,1
WTS,4,11,112.05097545276989,28.783475732828347,11
WTS,4,9,87.90013631184895,5.526905679632422,6
WTS,4,6,128.27947998046875,36.84983630231041,4
WTS,4,10,82.58881971571181,14.888185068500356,9
WTS,4,8,76.50460052490234,8.779438997362519,8
WTS,4,20,73.97835286458333,2.1013320387207184,3
WTS,4,13,88.2486572265625,0.0,1
WTS,4,17,68.04776000976562,7.447174072265625,2
WTS,4,19,123.0478515625,94.72393940014179,4
WTS,4,18,74.36585344587054,10.27418782714837,7
WTS,4,22,76.77456665039062,3.512664794921875,2
WTS,4,16,66.2967529296875,0.0,1
WTS,5,22,75.4720458984375,7.664794921875,2
WTS,5,18,69.07205963134766,7.966196164542098,8
WTS,5,10,79.96917724609375,3.64434814453125,2
WTS,5,7,65.1492919921875,4.5523681640625,2
WTS,5,9,80.47320556640625,0.0,1
WTS,5,19,82.81451416015625,19.82867431640625,2
WTS,5,20,83.39497884114583,18.347823406961698,3
WTS,5,15,64.373291015625,3.75164794921875,2
WTS,5,17,104.63595581054688,0.7675476074218821,2
WTS,0,16,122.32571411132812,57.789215087890625,2
WTS,0,21,74.22222900390625,9.1390380859375,2
WTS,0,9,72.2757059733073,8.335256658328888,6
WTS,0,17,72.91160888671875,7.248268432890381,5
WTS,0,19,76.27073974609375,11.183028942119977,5
WTS,0,10,63.848368326822914,2.3072686700126974,3
WTS,0,7,61.86138916015625,0.8933682120324926,3
WTS,0,6,62.2088623046875,0.0,1
WTS,0,15,79.41973876953125,2.72039794921875,2
WTS,0,18,67.04383850097656,7.940357833236818,4
WTS,0,8,70.15728759765625,4.48394775390625,2
WTS,0,20,89.31201171875,0.0,1
DIH,6,16,79.44216918945312,14.984161376953118,2
DIH,6,17,114.139892578125,0.0,1
DIH,6,11,106.41434733072917,35.819259001339276,3
DIH,6,13,108.86474609375,14.375197045126365,5
DIH,6,12,66.79208374023438,4.542999267578125,2
DIH,6,20,74.2158203125,0.0,1
DIH,6,8,61.7296142578125,0.0,1
DIH,6,22,88.7684326171875,0.0,1
DIH,1,10,97.17593819754464,54.67172596376542,14
DIH,1,9,111.53006362915039,47.81957516454663,16
DIH,1,16,81.36116245814732,14.881122318948824,7
DIH,1,11,93.47395324707031,14.100151550577227,4
DIH,1,18,78.23455810546875,16.02602372014425,4
DIH,1,19,79.47704206194196,21.67155443677555,7
DIH,1,13,74.09837646484375,9.920265422339225,5
DIH,1,14,98.57099609375,28.462486357993473,5
DIH,1,20,80.10481770833333,12.497070240146183,6
DIH,1,8,63.07073974609375,1.49530029296875,2
DIH,1,7,102.6605224609375,0.0,1
DIH,1,23,89.979736328125,0.0,1
DIH,1,22,115.42903645833333,42.94882558921492,9
DIH,1,12,128.518115234375,41.841623376916544,5
DIH,1,6,102.32529703776042,42.34090935599527,6
DIH,1,15,72.14242553710938,7.100494384765625,2
DIH,1,21,69.89892578125,4.075242197751409,3
DIH,2,6,106.22888738458806,42.41560796478665,11
DIH,2,15,82.23262845552884,12.98555260221682,13
DIH,2,18,100.60488552517361,26.808912817140524,9
DIH,2,16,80.20382690429688,17.554078766166025,6
DIH,2,14,75.37158203125,11.268774495012897,4
DIH,2,19,123.70807756696429,48.932939397324965,7
DIH,2,20,93.02577718098958,21.826854574879963,6
DIH,2,21,105.98023332868304,66.7996854888568,7
DIH,2,17,99.51134575737848,26.748261331704516,9
DIH,2,22,80.56941731770833,6.147043045447228,3
DIH,2,8,61.26763916015625,0.0,1
DIH,3,13,128.4618367513021,45.32891298608445,15
DIH,3,22,98.36209445529514,35.3155535312767,9
DIH,3,16,70.5970703125,14.186144415891222,5
DIH,3,10,102.751953125,22.384551164786156,8
DIH,3,19,84.65332352487664,18.14218102040237,19
DIH,3,6,126.8200454711914,61.1343211744235,8
DIH,3,15,66.12229410807292,3.8232032031197347,3
DIH,3,21,67.92361450195312,0.509796142578125,2
DIH,3,18,76.01418558756511,5.479132013073377,12
DIH,3,20,84.99801199776786,20.933173946579625,7
DIH,3,11,68.68424479166667,6.31102559531443,3
DIH,3,12,96.05640665690105,30.56223870267234,6
DIH,3,7,69.162109375,9.120341154330925,4
DIH,3,9,73.08076477050781,6.810945868308541,12
DIH,3,14,70.0966796875,0.0,1
DIH,3,8,130.71866455078126,47.25914316818751,10
DIH,3,17,60.867523193359375,0.399871826171875,2
DIH,4,7,114.70020249310662,35.71091429288989,17
DIH,4,21,88.4337158203125,0.0,1
DIH,4,11,118.08433024088542,28.45489888384933,9
DIH,4,9,76.56837158203125,2.092463633524357,5
DIH,4,8,74.73019409179688,8.642882125540304,8
DIH,4,6,130.39581298828125,41.108321660766784,4
DIH,4,10,74.315966796875,8.544652531800656,5
DIH,4,20,74.88323974609375,2.445113825014262,3
DIH,4,13,93.768798828125,0.0,1
DIH,4,17,71.50555419921875,8.50836181640625,2
DIH,4,19,111.60863037109375,80.24216297452536,5
DIH,4,18,77.8718017578125,12.705810656037654,5
DIH,4,15,74.8521728515625,7.485921769691936,5
DIH,4,22,71.03322347005208,8.910570503550892,3
DIH,4,16,62.18505859375,0.0,1
DIH,5,18,74.49118041992188,9.317644608814609,4
DIH,5,10,82.71792602539062,0.674285888671875,2
DIH,5,9,62.609619140625,0.0,1
DIH,5,22,85.7215576171875,0.0,1
DIH,5,20,86.78536987304688,21.141754150390625,2
DIH,5,17,102.80386352539062,7.764129638671868,2
DIH,5,19,98.50299072265624,0.0,1
DIH,5,7,60.64459228515625,0.0,1
DIH,0,21,76.96206665039062,12.074859619140625,2
DIH,0,9,71.7686767578125,11.220286437698118,8
DIH,0,17,77.93499755859375,12.00113367967082,3
DIH,0,16,180.18902587890625,0.0,1
DIH,0,19,73.58001708984375,8.644177386664119,5
DIH,0,8,71.32437133789062,9.692230224609375,2
DIH,0,15,83.96212768554688,0.042388916015625,2
DIH,0,18,64.94047037760417,3.8247686918167467,6
DIH,0,10,62.68072509765625,0.0,1
DIH,0,20,76.97113037109375,0.0,1
DIH,0,22,67.697998046875,0.0,1
CHH,6,16,72.80325317382812,11.793424157296732,4
CHH,6,17,118.4298095703125,0.0,1
CHH,6,11,104.46101379394531,39.5334210973659,4
CHH,6,13,104.80464680989583,24.56740627867367,6
CHH,6,12,68.4896240234375,3.5938720703125,2
CHH,6,20,76.5101318359375,0.0,1
CHH,6,22,91.5428466796875,0.0,1
CHH,1,10,105.08551839192708,52.73380439610597,15
CHH,1,20,78.86253138950893,13.085527553591762,7
CHH,1,9,110.82061049517463,41.8235646462667,17
CHH,1,11,98.11222330729167,24.00025313262377,6
CHH,1,15,72.96962890625,8.682123987462402,5
CHH,1,18,77.003857421875,21.644627216114664,5
CHH,1,19,81.61232503255208,21.872939228832987,6
CHH,1,7,78.2193603515625,9.5174560546875,2
CHH,1,13,78.03876953125,9.425071773979873,5
CHH,1,14,101.27960205078125,30.158233069852216,5
CHH,1,8,60.739990234375,0.0,1
CHH,1,17,64.79962158203125,3.27593994140625,2
CHH,1,23,60.86151123046875,0.0,1
CHH,1,22,123.760791015625,50.026044428486394,10
CHH,1,12,116.01632080078124,43.69861264699935,5
CHH,1,21,68.44228515625,9.890787663078871,5
CHH,1,6,87.3862060546875,39.01647619544908,5
CHH,1,16,88.8177734375,18.70038045688036,5
CHH,2,6,94.1708243233817,33.01210147861255,14
CHH,2,15,84.42257925180289,17.400029624497318,13
CHH,2,18,108.02077907986111,27.991767193186174,9
CHH,2,16,82.7647705078125,17.85598980158599,6
CHH,2,14,73.49395751953125,8.085946120151588,4
CHH,2,19,122.97743443080357,45.81876969386141,7
CHH,2,20,97.4263203938802,20.054749376736787,6
CHH,2,21,83.81034342447917,29.437737640031685,3
CHH,2,17,96.47957611083984,20.745169176398683,8
CHH,2,7,64.63482666015625,1.86431884765625,2
CHH,2,22,97.04844156901042,9.370586437760176,3
CHH,2,8,73.9873046875,0.0,1
CHH,3,10,97.60996500651042,31.065106869063563,9
CHH,3,13,134.40565592447916,46.88811656454198,15
CHH,3,22,106.04603407118056,39.7348681897534,9
CHH,3,6,119.04888916015625,61.41352612100203,9
CHH,3,15,66.9669189453125,4.1514892578125,2
CHH,3,14,65.29665120442708,4.366735407345324,6
CHH,3,19,83.89976640181108,19.251187742902903,22
CHH,3,18,76.0002685546875,9.741172061668587,15
CHH,3,20,82.39911760602679,21.009080527440265,7
CHH,3,11,69.97526041666667,7.445672728888278,3
CHH,3,12,100.66573079427083,33.86890202938762,6
CHH,3,7,78.19205729166667,7.2245850095268995,3
CHH,3,8,123.17088904747597,51.030342438506835,13
CHH,3,9,83.48780653211806,15.90801270853499,9
CHH,3,16,80.75527954101562,17.932159423828132,2
CHH,3,17,78.75244140625,0.0,1
CHH,3,21,64.2847900390625,0.0,1
CHH,4,7,112.61076803768383,31.8184114643914,17
CHH,4,21,90.2537841796875,0.0,1
CHH,4,11,97.98681640625,25.1070441960758,10
CHH,4,9,68.86844308035714,4.264356868040409,7
CHH,4,19,84.8433349609375,55.21047091972318,10
CHH,4,8,82.0960693359375,12.121583725666953,5
CHH,4,18,78.17879638671874,18.755856044522304,5
CHH,4,6,127.44960530598958,47.859488941640194,3
CHH,4,10,67.55682373046875,4.42069800124546,4
CHH,4,20,76.85009765625,3.695265760925939,3
CHH,4,13,94.88543701171876,0.0,1
CHH,4,17,66.83076985677083,3.4558902234375215,3
CHH,4,16,62.631103515625,0.0,1
CHH,4,22,79.17036946614583,10.302798669181554,3
CHH,4,15,75.642626953125,4.966467276980285,5
CHH,5,18,77.53022766113281,11.501572249801143,4
CHH,5,10,82.0992431640625,1.83642578125,2
CHH,5,19,72.5306396484375,11.611608530738135,4
CHH,5,21,65.57098388671875,0.0,1
CHH,5,9,71.20703125,0.0,1
CHH,5,20,77.78224690755208,18.98665151933367,3
CHH,5,22,103.015380859375,0.0,1
CHH,5,17,109.99325561523438,8.415557861328132,2
CHH,5,15,75.8780517578125,0.0,1
CHH,5,13,60.50396728515625,0.0,1
CHH,5,7,79.94927978515625,0.0,1
CHH,0,21,78.84756469726562,3.609100341796875,2
CHH,0,9,73.08370361328124,10.495221537398447,10
CHH,0,17,85.15460205078125,4.47430419921875,2
CHH,0,16,183.3119506835937,0.0,1
CHH,0,15,82.02972412109375,14.17403187744838,3
CHH,0,18,65.08870849609374,3.843409692927484,5
CHH,0,7,66.170654296875,1.150390625,2
CHH,0,8,84.5419921875,0.0,1
CHH,0,19,88.04638671875,25.1417236328125,2
CHH,0,20,69.786376953125,0.0,1
CHH,0,22,78.7064208984375,0.0,1
KOB,6,6,60.738250732421875,0.692413330078125,2
KOB,6,16,77.02803548177083,15.162299507640801,3
KOB,6,17,83.679443359375,0.0,1
KOB,6,11,110.40850830078125,36.99160888711803,4
KOB,6,13,112.20815022786458,26.214952042558917,6
KOB,6,12,69.89896647135417,7.733894488203663,3
KOB,6,20,79.5526123046875,0.0,1
KOB,6,21,60.9984130859375,0.0,1
KOB,6,18,60.43310546875,0.0,1
KOB,6,15,72.03759765625,0.0,1
KOB,1,20,83.33248465401786,12.129500995024648,7
KOB,1,10,111.60574849446614,45.195054239685696,12
KOB,1,9,89.39945602416992,16.033183344882108,16
KOB,1,8,65.36129760742188,2.360702978346492,4
KOB,1,16,96.99131266276042,20.33489393154932,6
KOB,1,11,102.11602783203125,19.946725318050657,5
KOB,1,19,76.60543387276786,12.940154834356147,7
KOB,1,6,94.97401936848958,53.433916688307384,6
KOB,1,15,72.93046569824219,9.056431904829054,4
KOB,1,7,74.42047119140625,10.04400634765625,2
KOB,1,13,77.76995849609375,6.95281982421875,2
KOB,1,18,74.29445393880208,13.921366416751006,6
KOB,1,14,95.76947021484375,18.421161029191605,4
KOB,1,17,67.8194580078125,8.458307159121814,3
KOB,1,23,98.12884521484376,0.0,1
KOB,1,22,117.18641545222356,54.70435506356281,13
KOB,1,12,77.90196228027344,20.828061024326075,4
KOB,1,21,75.664599609375,13.751166195745416,5
KOB,2,15,87.70037841796875,16.394137655795678,6
KOB,2,18,110.11777072482639,22.392550891389057,9
KOB,2,19,110.46891566685268,47.8582674409655,7
KOB,2,6,106.68964301215277,24.802692488300377,9
KOB,2,14,78.881103515625,6.5104409636362,4
KOB,2,20,103.8346659342448,20.914904547023255,6
KOB,2,21,117.19215901692708,53.57957028636342,6
KOB,2,16,86.5755859375,21.338913244594284,5
KOB,2,17,98.95440673828125,17.078337717163922,6
KOB,2,7,65.50189208984375,4.19659423828125,2
KOB,2,22,75.9512939453125,11.889613135231242,3
KOB,2,10,60.18310546875,0.0,1
KOB,2,8,84.6390380859375,0.0,1
KOB,3,10,94.37857055664062,24.41407802962127,6
KOB,3,13,128.93562534877233,43.307612195373096,14
KOB,3,22,105.05197482638889,38.52529497239875,9
KOB,3,6,117.2125015258789,41.00947490302786,8
KOB,3,15,72.35888671875,6.11328125,2
KOB,3,16,70.62915717230902,10.097707210039339,9
KOB,3,14,76.0440673828125,6.4104974747706285,5
KOB,3,19,79.94515509354441,16.273021290529865,19
KOB,3,11,71.89103190104167,13.583404569716969,3
KOB,3,18,83.03754043579102,10.385764487257143,16
KOB,3,20,80.70863850911458,23.784282433280435,6
KOB,3,12,104.88859049479167,35.26341874923764,6
KOB,3,17,60.923583984375,0.0,1
KOB,3,7,79.65029907226562,4.277529106631057,4
KOB,3,8,113.73616027832031,46.208157461405136,16
KOB,3,9,85.93536376953125,17.418711944473664,8
KOB,4,17,66.57090250651042,4.070573245253448,6
KOB,4,7,102.2303071863511,27.58074138727964,17
KOB,4,19,93.71181418678977,48.72616733215858,11
KOB,4,21,86.22589111328125,11.53753662109375,2
KOB,4,11,103.20429992675781,20.043257534845544,8
KOB,4,18,72.1971944173177,10.338636990364158,6
KOB,4,6,85.9405517578125,22.4671630859375,2
KOB,4,8,67.1788330078125,5.253668397532462,3
KOB,4,20,68.97247314453125,4.448218731865455,4
KOB,4,10,76.36929321289062,6.185821533203125,2
KOB,4,13,67.737548828125,0.0,1
KOB,4,9,67.74884033203125,1.65936279296875,2
KOB,4,16,72.009521484375,10.25,2
KOB,4,15,82.73971557617188,7.5730339269453095,4
KOB,4,22,76.88484700520833,13.807828386970147,3
KOB,5,18,77.20469665527344,10.599511041564245,4
KOB,5,8,61.60296630859375,0.0,1
KOB,5,9,80.91552734375,0.0,1
KOB,5,19,87.400390625,15.8251953125,2
KOB,5,20,80.98954264322917,14.308564471442436,3
KOB,5,22,111.6229248046875,0.0,1
KOB,5,11,65.165283203125,0.0,1
KOB,5,17,72.556884765625,0.0,1
KOB,5,6,61.5025634765625,0.0,1
KOB,5,15,84.81591796875,0.0,1
KOB,5,7,80.1483154296875,0.0,1
KOB,0,19,73.5178955078125,13.622589093048411,5
KOB,0,21,64.89724731445312,2.448638916015625,2
KOB,0,12,67.4154052734375,0.0,1
KOB,0,17,66.4588623046875,0.0,1
KOB,0,16,105.7679443359375,0.0,1
KOB,0,9,80.96110534667969,17.893562905548286,8
KOB,0,11,61.4302978515625,0.0,1
KOB,0,18,67.91951497395833,2.5618269612823292,3
KOB,0,15,72.5638427734375,0.0,1
KOB,0,7,73.8875732421875,0.0,1
KOB,0,8,71.67822265625,0.0,1
KOB,0,20,60.387451171875,0.0,1
KOB,0,22,82.6737060546875,0.0,1
NTK,6,16,92.42059326171875,13.99993896484375,2
NTK,6,11,116.27645874023438,44.814620469311436,4
NTK,6,13,117.45003255208333,22.694478073983472,6
NTK,6,12,80.4561767578125,10.225970194026917,3
NTK,6,8,75.2037353515625,3.540283203125,2
NTK,6,20,80.70068359375,0.0,1
NTK,6,21,72.5076904296875,1.564453125,2
NTK,6,6,66.91943359375,0.0,1
NTK,6,15,70.098388671875,0.0,1
NTK,6,17,61.2362060546875,0.0,1
NTK,1,10,96.47896152072482,39.556858880361204,18
NTK,1,16,93.2757568359375,20.98090503851144,9
NTK,1,20,88.17791748046875,10.718729488336495,8
NTK,1,9,91.27873840332032,17.666686842444303,20
NTK,1,8,68.6236572265625,6.845535825534389,3
NTK,1,11,120.40816497802734,11.393180171008288,4
NTK,1,6,100.798583984375,52.575731869663734,7
NTK,1,17,72.68436686197917,14.791062486928805,6
NTK,1,7,80.60201009114583,9.158769778529122,3
NTK,1,15,75.91153971354167,11.591381478126577,3
NTK,1,18,78.98945617675781,18.295893704397468,8
NTK,1,19,79.48248291015625,10.699116532326197,6
NTK,1,13,78.71436309814453,13.88026192786147,4
NTK,1,14,95.55748748779297,24.190621626682315,4
NTK,1,23,73.05130004882812,0.0,1
NTK,1,22,120.72015380859375,63.733824890513795,8
NTK,1,12,93.043701171875,26.137451171875,2
NTK,1,21,76.9708251953125,4.1517333984375,2
NTK,2,15,89.55002848307292,13.803977542802388,6
NTK,2,18,108.31312391493056,26.807342652986065,9
NTK,2,19,122.73317464192708,47.8594774253535,6
NTK,2,14,83.2430419921875,12.950018926555103,5
NTK,2,16,93.11526489257812,14.164955201602607,4
NTK,2,21,106.01969146728516,57.9369775247932,4
NTK,2,6,124.86623636881511,30.14833615765365,6
NTK,2,17,93.443603515625,18.799977521759278,4
NTK,2,20,84.33160400390625,16.50603186061672,5
NTK,2,12,64.5723876953125,0.0,1
NTK,2,7,76.73077392578125,8.64825439453125,2
NTK,2,22,74.8287353515625,0.0,1
NTK,2,10,82.4698486328125,0.0,1
NTK,2,8,89.4986572265625,10.1416015625,2
NTK,3,10,104.46489606584821,34.368870881396106,7
NTK,3,13,137.22764587402344,48.12079497575374,16
NTK,3,19,81.21577652640964,15.135017667469578,23
NTK,3,22,114.00804138183594,39.266307755162934,8
NTK,3,15,67.55337960379464,4.463223329904648,7
NTK,3,6,101.65917290581598,47.38546020984391,9
NTK,3,16,82.4374267578125,11.321521923625605,5
NTK,3,14,78.79119001116071,9.790706121820207,7
NTK,3,12,102.42359076605902,36.024367881383945,9
NTK,3,20,94.9859619140625,26.670550891186924,5
NTK,3,11,72.24423828125,6.804948421779612,5
NTK,3,21,77.6616719563802,17.36353448713047,3
NTK,3,17,73.851806640625,12.408041431741115,6
NTK,3,18,87.71173241024925,20.729007125063784,21
NTK,3,7,86.238623046875,15.983843733497109,5
NTK,3,9,86.97730000813802,20.894080920607525,12
NTK,3,8,119.3952277688419,54.08772373070224,17
NTK,4,10,73.9556172688802,7.461765056351549,3
NTK,4,7,113.43046951293945,33.35451591042442,16
NTK,4,15,84.08042399088542,8.120478561479418,6
NTK,4,19,92.50287737165179,41.685491275681066,14
NTK,4,21,99.6922607421875,0.0,1
NTK,4,11,101.4556884765625,16.81318381952252,9
NTK,4,6,97.76824951171875,2.83465576171875,2
NTK,4,17,79.1920166015625,11.505109125233135,6
NTK,4,8,67.352294921875,4.765536234763773,4
NTK,4,18,93.5423583984375,14.23641448453327,4
NTK,4,20,86.68447875976562,10.373297817911496,4
NTK,4,13,68.5552978515625,0.0,1
NTK,4,9,66.04180908203125,0.52056884765625,2
NTK,4,16,75.1995849609375,19.382137443147727,3
NTK,4,14,62.6060791015625,0.0,1
NTK,4,22,81.19303385416667,3.9297654468818646,3
NTK,5,22,96.66302490234375,26.05853271484375,2
NTK,5,18,81.01095072428386,26.021883646616686,6
NTK,5,9,106.1678466796875,0.0,1
NTK,5,19,84.52386474609375,18.561543112773645,4
NTK,5,20,71.78579711914062,9.069523430171188,5
NTK,5,10,66.98883056640625,5.52142333984375,2
NTK,5,11,62.37939453125,0.0,1
NTK,5,17,98.06557210286458,30.9409450213747,3
NTK,5,13,64.1322021484375,0.0,1
NTK,5,15,101.246826171875,0.0,1
NTK,5,7,78.06103515625,0.0,1
NTK,0,16,75.16065216064453,19.088815662822373,4
NTK,0,21,79.90679931640625,0.0,1
NTK,0,6,85.0250244140625,0.0,1
NTK,0,17,75.20843505859375,5.24914923548214,4
NTK,0,18,71.41264343261719,4.366208928165771,8
NTK,0,9,85.22605895996094,12.650908252902951,8
NTK,0,8,74.26019287109375,5.19586181640625,2
NTK,0,10,80.42230224609375,10.29144287109375,2
NTK,0,13,60.2803955078125,0.0,1
NTK,0,15,64.6734619140625,0.0,1
NTK,0,7,74.162109375,0.0,1
NTK,0,19,87.49641927083333,14.885932017495596,3
NTK,0,22,109.326171875,0.0,1
KWT,6,16,96.859130859375,0.0,1
KWT,6,18,70.19989013671875,0.95123291015625,2
KWT,6,11,120.0797119140625,26.60033751018497,4
KWT,6,20,71.387451171875,6.1888427734375,2
KWT,6,13,114.60380859375,20.004349591810566,5
KWT,6,12,92.078369140625,15.12797421948783,4
KWT,6,8,64.0157470703125,3.5213623046875,2
KWT,6,21,66.28118896484375,0.49908447265625,2
KWT,6,17,61.67041015625,0.0,1
KWT,6,6,69.837158203125,0.0,1
KWT,6,14,80.5181884765625,0.0,1
KWT,6,19,67.801513671875,4.30908203125,2
KWT,1,10,96.48707131778492,31.735082710916455,17
KWT,1,16,102.87887573242188,23.65300320169445,8
KWT,1,20,82.5833740234375,11.868329606588423,8
KWT,1,9,97.17054094587054,20.954213674806265,21
KWT,1,8,73.434228515625,11.248221740953127,5
KWT,1,11,117.36174011230469,29.582996455086874,4
KWT,1,6,109.41729736328125,50.42140414722524,6
KWT,1,18,81.52897135416667,18.513686616540276,12
KWT,1,7,69.13639322916667,2.6010497341710725,3
KWT,1,15,77.53104654947917,11.154773948580127,3
KWT,1,19,78.49011666434151,13.380644085088651,7
KWT,1,13,73.58171997070312,12.84091939364122,5
KWT,1,14,95.00770874023438,29.974459846532756,5
KWT,1,17,82.48507690429688,19.43221530805954,4
KWT,1,22,131.63411458333334,46.13388871231336,3
KWT,1,12,91.449951171875,27.6439208984375,2
KWT,1,21,90.521240234375,8.267822265625,2
KWT,2,15,88.56396484375,14.544109495593265,7
KWT,2,18,114.87258572048611,26.252365622936132,9
KWT,2,19,118.32345581054688,36.516276195303234,8
KWT,2,20,95.41757710774739,26.242255779988724,6
KWT,2,14,89.76947021484375,11.457285206623958,4
KWT,2,16,90.30869140625,16.784332136448526,5
KWT,2,21,131.7171142578125,63.17251812192592,5
KWT,2,6,112.03757858276367,23.09014797810379,8
KWT,2,17,101.91971842447917,13.019011744300993,3
KWT,2,7,87.50201416015625,10.01092529296875,2
KWT,2,22,82.792236328125,0.0,1
KWT,2,10,75.9671630859375,0.0,1
KWT,2,8,79.7598876953125,11.9422607421875,2
KWT,3,10,95.03824288504464,30.567565299337584,7
KWT,3,13,129.78854370117188,45.982970181671114,16
KWT,3,19,83.76990000406902,13.688480305287102,24
KWT,3,22,98.76881103515625,38.13498924603805,10
KWT,3,14,75.574462890625,8.59588296814754,9
KWT,3,15,73.47903442382812,9.672583409395147,4
KWT,3,6,103.6802764892578,46.189045756692835,10
KWT,3,16,82.20692952473958,14.189630877300417,6
KWT,3,11,66.206494140625,5.801795111322636,5
KWT,3,12,99.55493503146701,37.60627496948976,9
KWT,3,20,87.792041015625,25.269047478965884,5
KWT,3,21,79.7808837890625,16.4783935546875,2
KWT,3,17,68.36049397786458,5.393253453341386,6
KWT,3,18,85.82216099330357,16.99610628618358,21
KWT,3,7,119.611083984375,65.11941848168838,5
KWT,3,9,86.70115492078993,20.07281147840912,18
KWT,3,8,110.59883811257102,44.63758405169006,22
KWT,4,19,93.97317665501645,29.998505107251745,19
KWT,4,7,100.12383230108964,31.04943698297606,19
KWT,4,15,80.53122965494792,9.374687125075832,6
KWT,4,10,71.6166483561198,13.47922407073834,3
KWT,4,21,95.06005859375,20.5716552734375,2
KWT,4,11,94.60264756944444,16.91573468679083,9
KWT,4,8,65.83609444754464,3.9826742256934584,7
KWT,4,18,76.82217407226562,12.61704504752716,4
KWT,4,20,76.13938685825893,11.310955227677791,7
KWT,4,17,75.107666015625,9.811156478554697,3
KWT,4,13,64.460693359375,0.0,1
KWT,4,6,71.42460123697917,3.7304602768797896,3
KWT,4,16,80.91357421875,0.0,1
KWT,4,14,62.17822265625,0.0,1
KWT,4,22,71.15397135416667,2.673293499982784,3
KWT,4,9,68.04225667317708,5.976369506203452,6
KWT,5,22,96.24884033203125,27.77679443359375,2
KWT,5,18,108.55789794921876,13.478808805458051,5
KWT,5,19,74.07776641845703,11.449636130290035,8
KWT,5,9,93.5596923828125,0.0,1
KWT,5,16,67.56315104166667,4.859733151644363,3
KWT,5,20,72.60455322265625,3.2977955722772014,4
KWT,5,13,60.11328125,0.0,1
KWT,5,11,71.56201171875,0.0,1
KWT,5,15,80.7930908203125,0.0,1
KWT,5,7,75.1533203125,0.0,1
KWT,5,17,136.095947265625,0.0,1
KWT,0,19,77.87611897786458,13.490716196739827,6
KWT,0,9,83.42957763671875,18.02558423767783,10
KWT,0,21,78.03062438964844,2.7234649658203125,2
KWT,0,6,77.8916015625,0.0,1
KWT,0,8,79.7225341796875,11.350061640549303,6
KWT,0,18,71.60062662760417,6.582778489295902,9
KWT,0,16,93.10794067382812,13.792755362595715,3
KWT,0,17,65.10404459635417,6.620488700365579,3
KWT,0,10,71.6201171875,3.98974609375,2
KWT,0,12,62.82470703125,0.0,1
KWT,0,7,79.13629150390625,1.36163330078125,2
KWT,0,22,104.4677734375,0.0,1
LAT,6,11,103.55244954427083,34.20889935703272,6
LAT,6,16,85.7601318359375,15.3665771484375,2
LAT,6,18,69.16015625,4.2049560546875,2
LAT,6,13,111.86427815755208,23.778148682141772,6
LAT,6,12,92.13857421875,20.98646130922427,5
LAT,6,8,70.13134765625,4.492919921875,2
LAT,6,20,71.88726806640625,9.04888916015625,2
LAT,6,21,66.42120361328125,4.01312255859375,2
LAT,6,17,78.9228515625,0.0,1
LAT,6,6,78.66583251953125,3.05389404296875,2
LAT,6,14,71.562744140625,2.1400146484375,2
LAT,6,15,64.7437744140625,0.0,1
LAT,6,22,70.7342529296875,0.0,1
LAT,6,19,73.77197265625,0.0,1
LAT,1,16,112.00006975446429,20.607074331580243,7
LAT,1,20,80.97262573242188,15.609661025780111,8
LAT,1,10,102.93092698317308,29.00069402892391,13
LAT,1,13,74.05337524414062,10.229085164633036,4
LAT,1,8,72.58941650390625,12.448794522731328,4
LAT,1,11,131.876953125,13.23146025482039,3
LAT,1,17,71.703369140625,11.215792543728124,6
LAT,1,6,115.00750732421875,49.74829640347812,6
LAT,1,18,88.84152221679688,23.81684194759967,12
LAT,1,15,83.3018798828125,14.336498215577912,3
LAT,1,19,75.70304361979167,7.823625678798166,6
LAT,1,9,92.38201275993796,23.014412641310596,17
LAT,1,7,74.0423583984375,4.523681640625,2
LAT,1,14,75.66781616210938,9.076682075136652,4
LAT,1,22,81.4057373046875,30.656307222564955,5
LAT,1,12,131.64518229166666,53.6702945347276,3
LAT,1,21,99.64361572265625,4.12091064453125,2
LAT,2,14,88.75693359375,20.29375799667652,5
LAT,2,15,98.79703194754464,17.83236512220487,7
LAT,2,18,122.2410888671875,27.95561658951779,9
LAT,2,19,136.69707380022322,19.172471553571608,7
LAT,2,16,96.38916015625,25.977942070717884,5
LAT,2,21,112.56112060546874,55.05610573834485,5
LAT,2,6,122.8560546875,23.030682572242092,5
LAT,2,17,102.81131998697917,18.702333957388337,3
LAT,2,20,97.77494201660156,18.788333943302153,5
LAT,2,7,77.095654296875,7.621848484054181,5
LAT,2,22,78.6492919921875,0.0,1
LAT,2,10,79.7781982421875,0.0,1
LAT,2,8,95.0084228515625,8.8363037109375,2
LAT,3,10,103.31409072875977,32.42473123552388,4
LAT,3,12,110.77818298339844,36.22365546436939,8
LAT,3,13,136.9404296875,48.207845423253076,16
LAT,3,22,105.14352756076389,38.264140810500656,9
LAT,3,14,84.87648010253906,6.4808995497001085,8
LAT,3,15,69.9366455078125,6.9221416670307,3
LAT,3,19,78.90396250849184,14.906504126756918,23
LAT,3,11,72.8147705078125,9.525605891511221,5
LAT,3,20,96.7091064453125,21.177739495094986,4
LAT,3,18,84.32453234442349,16.647621006645878,29
LAT,3,21,84.381103515625,14.00439453125,2
LAT,3,6,109.76641845703125,45.31427722269671,8
LAT,3,17,72.69076538085938,10.259923065336626,4
LAT,3,7,114.03304036458333,74.0594352664387,6
LAT,3,16,85.8861328125,16.743711153621113,5
LAT,3,9,85.47313130696615,20.355523903761913,15
LAT,3,8,113.12050993546195,41.097026967229596,23
LAT,4,10,82.99003601074219,19.93603021828289,4
LAT,4,19,104.8984310752467,32.41082836551132,19
LAT,4,7,106.8864522298177,28.79422312990665,15
LAT,4,15,84.50626627604167,7.4590900312995245,6
LAT,4,16,73.8863525390625,14.966942931543684,5
LAT,4,21,97.9305419921875,20.115234375,2
LAT,4,11,81.47630092075893,10.970889528590735,7
LAT,4,18,75.6460952758789,8.06520340807311,4
LAT,4,17,75.88800048828125,8.73638916015625,2
LAT,4,20,80.98858642578125,9.651714246531787,8
LAT,4,13,65.9033203125,0.0,1
LAT,4,22,73.66033935546875,1.22222900390625,2
LAT,4,8,68.2991943359375,7.276866962337011,5
LAT,4,9,62.548502604166664,1.4102708917279414,3
LAT,4,6,83.1820068359375,0.0,1
LAT,5,14,61.245361328125,0.0,1
LAT,5,17,99.63763427734375,34.31170654296875,2
LAT,5,22,91.08768717447917,30.09208418515015,3
LAT,5,6,62.156005859375,0.0,1
LAT,5,19,77.67283935546875,10.048221941229862,10
LAT,5,9,86.611572265625,0.0,1
LAT,5,18,93.09517996651786,26.788023616729927,7
LAT,5,10,65.5537109375,0.0,1
LAT,5,20,67.60464986165364,2.0829826090682357,3
LAT,5,16,60.206787109375,0.0,1
LAT,5,13,69.9696044921875,0.0,1
LAT,5,11,66.6461181640625,0.0,1
LAT,5,15,79.60888671875,16.2529296875,2
LAT,5,7,108.54150390625,0.0,1
LAT,5,8,79.123779296875,0.0,1
LAT,0,19,77.86067199707031,12.911561362278732,8
LAT,0,21,61.70480346679688,0.0,1
LAT,0,6,68.7291259765625,1.01806640625,2
LAT,0,8,72.92578125,8.585975257479854,8
LAT,0,18,75.42777876420455,10.432260790629805,11
LAT,0,17,69.97941080729167,3.0098243117395547,3
LAT,0,9,85.22492133246527,11.93549999366102,9
LAT,0,12,60.4698486328125,0.0,1
LAT,0,10,67.87835693359375,2.07244873046875,2
LAT,0,7,87.58831787109375,7.20880126953125,2
LAT,0,16,73.7313232421875,0.0,1
LAT,0,22,107.5987548828125,0.0,1
YAT,6,11,114.2880859375,18.547677463663813,5
YAT,6,16,85.910400390625,0.0,1
YAT,6,17,78.7989501953125,9.386794357852539,3
YAT,6,18,83.8536376953125,9.9090576171875,2
YAT,6,21,69.90771484375,0.0,1
YAT,6,13,108.89544677734375,11.45593623177386,4
YAT,6,12,101.87518310546875,20.711517667582672,6
YAT,6,20,80.39218139648438,13.852645945514844,4
YAT,6,15,63.25,2.75,2
YAT,6,10,61.5323486328125,0.0,1
YAT,6,6,66.4984130859375,0.0,1
YAT,6,8,65.2174072265625,0.0,1
YAT,6,14,100.95745849609375,7.44061279296875,2
YAT,6,22,79.4383544921875,0.0,1
YAT,6,19,76.614501953125,0.0,1
YAT,1,17,73.83038330078125,9.460525219224401,4
YAT,1,10,126.56047058105469,16.474902371324944,8
YAT,1,19,86.44718017578126,14.835059252155718,10
YAT,1,8,85.761474609375,14.853162968353478,8
YAT,1,11,112.4223388671875,44.0102123643215,5
YAT,1,12,162.47836303710938,82.50822429489992,4
YAT,1,6,105.68283081054688,52.80527539933223,8
YAT,1,14,85.22945731026786,16.849564904109627,7
YAT,1,18,94.10018920898438,27.00308212922416,16
YAT,1,15,77.8076171875,7.624383702640209,4
YAT,1,9,98.1979091868681,24.912966060742445,17
YAT,1,7,66.8956298828125,0.0,1
YAT,1,22,98.67268880208333,17.949335225967687,3
YAT,1,13,72.73843383789062,11.007707244843282,4
YAT,1,20,72.95086669921875,5.0242856924045824,4
YAT,1,16,127.183349609375,39.581404252848984,7
YAT,1,21,71.5872802734375,3.8751220703125,2
YAT,2,15,92.0432373046875,14.88110115532774,5
YAT,2,16,103.1290283203125,37.245499302144474,7
YAT,2,18,138.65101318359376,41.04613158694708,10
YAT,2,19,118.00137939453126,32.60851462467309,10
YAT,2,14,98.6961669921875,23.682780122536627,4
YAT,2,21,122.74169921875,53.800961904472416,4
YAT,2,6,113.20234680175781,36.97033324437433,8
YAT,2,17,89.39302571614583,27.391343523484178,6
YAT,2,20,88.3396484375,23.218433451721676,5
YAT,2,7,82.30635579427083,8.877841004378963,6
YAT,2,9,71.891845703125,0.0,1
YAT,2,22,75.5037841796875,0.0,1
YAT,2,8,91.8846435546875,0.0,1
YAT,3,10,81.49952697753906,33.71573699551052,8
YAT,3,12,94.25291442871094,25.14367337105238,8
YAT,3,13,128.95183856670673,39.5577516147085,13
YAT,3,14,80.61367797851562,14.307830333792769,12
YAT,3,22,102.49302842881944,23.576039236792507,9
YAT,3,19,88.15406331708354,27.05855795415883,31
YAT,3,15,71.5250732421875,7.898733418219817,5
YAT,3,20,83.68485514322917,16.654155649728402,3
YAT,3,21,68.06905110677083,7.550552589895467,6
YAT,3,11,78.722216796875,18.601412870036807,10
YAT,3,18,93.91799449920654,26.638451689071676,24
YAT,3,16,79.16875,14.52797961413592,5
YAT,3,6,118.25552804129464,43.249553722203935,7
YAT,3,17,80.4914306640625,13.372847330223948,5
YAT,3,7,124.79559326171875,65.60658758854616,6
YAT,3,9,87.66488288430607,22.82179701807111,17
YAT,3,8,108.54555935329861,32.011096257889946,27
YAT,3,23,69.91680908203125,4.18865966796875,2
YAT,4,10,83.6207290649414,16.82077959057092,5
YAT,4,17,67.36981201171875,5.29510498046875,2
YAT,4,19,119.73758273654514,27.492667235483847,18
YAT,4,20,80.07881303267045,18.39830805556978,11
YAT,4,7,98.4648930867513,32.53423746073284,15
YAT,4,18,74.06077117919922,6.554561597675027,5
YAT,4,8,90.8410400390625,17.078192606806983,5
YAT,4,12,63.8455810546875,0.0,1
YAT,4,21,93.46670532226562,28.734403854256968,4
YAT,4,15,67.83357747395833,7.364092175806373,3
YAT,4,11,68.2328857421875,6.621625825281289,5
YAT,4,16,78.7880615234375,18.094308117080825,5
YAT,4,9,85.0392578125,13.280620612232116,5
YAT,4,6,81.0218505859375,0.0,1
YAT,4,22,80.13134765625,0.0,1
YAT,5,20,75.77689034598214,8.583405878201697,7
YAT,5,16,68.54671223958333,7.407159734558745,6
YAT,5,6,76.36669921875,0.0,1
YAT,5,17,94.0400390625,8.473876953125,2
YAT,5,19,90.36320356889205,16.079558488668678,11
YAT,5,9,71.44913736979167,4.799523046523728,3
YAT,5,22,89.73687744140625,15.23297119140625,2
YAT,5,10,81.805419921875,0.0,1
YAT,5,14,63.6171875,0.0,1
YAT,5,18,95.86215209960938,35.25928084427116,8
YAT,5,15,77.39788818359375,9.70233154296875,2
YAT,5,11,90.61767578125,0.0,1
YAT,5,23,82.1756591796875,0.0,1
YAT,5,7,111.672607421875,0.0,1
YAT,5,8,95.8016357421875,0.0,1
YAT,0,9,84.32810621995192,18.199259643483938,13
YAT,0,10,72.27755737304688,8.818130683837865,4
YAT,0,19,96.25370279947917,16.617200956452244,9
YAT,0,12,80.2447509765625,0.0,1
YAT,0,8,84.917724609375,15.630673797909074,12
YAT,0,18,85.58157009548611,18.32701933514673,9
YAT,0,23,68.2294921875,2.53857421875,2
YAT,0,7,85.19217936197917,22.740258392723494,3
YAT,0,11,67.82389322916667,5.98801243623767,3
YAT,0,17,76.9642578125,14.175810964116447,5
YAT,0,14,75.1041259765625,0.0,1
YAT,0,16,95.0594482421875,0.0,1
YAT,0,22,86.62255859375,0.0,1
TIK,6,11,107.91050211588542,35.736658953953686,6
TIK,6,16,97.2662353515625,0.0,1
TIK,6,18,69.901123046875,10.611329680930153,3
TIK,6,21,70.91668701171875,10.46868896484375,2
TIK,6,13,110.42463030133929,28.38694147887189,7
TIK,6,12,91.76109095982143,20.210952393452807,7
TIK,6,20,77.4705810546875,14.754150390625,2
TIK,6,10,86.052490234375,0.0,1
TIK,6,8,91.30790201822917,9.424042471038575,3
TIK,6,9,62.420654296875,0.0,1
TIK,6,6,88.86749267578125,2.89666748046875,2
TIK,6,14,105.68994140625,0.0,1
TIK,6,15,66.018310546875,0.0,1
TIK,6,19,71.168212890625,0.0,1
TIK,6,17,65.89019775390625,3.58245849609375,2
TIK,1,16,112.94576009114583,33.97481003028578,9
TIK,1,10,106.64214533025569,27.536773502119477,11
TIK,1,9,88.05646221454327,20.815528393071723,13
TIK,1,19,87.04421164772727,30.19728526687112,11
TIK,1,11,111.4364013671875,41.745842445326026,5
TIK,1,17,91.6944580078125,29.39266681752818,10
TIK,1,14,83.9770751953125,17.44522865596428,5
TIK,1,8,95.877197265625,22.98996565699579,4
TIK,1,15,74.0080810546875,9.149733842108098,5
TIK,1,18,88.6085205078125,27.168746916621068,15
TIK,1,6,132.0210164388021,68.25621394227484,6
TIK,1,22,78.72842407226562,18.826854305278875,4
TIK,1,13,66.0522705078125,5.468590749547238,5
TIK,1,21,79.60162353515625,15.191056074729977,4
TIK,1,20,75.6078125,13.132420846022278,5
TIK,1,12,208.41743977864584,97.70350713294347,3
TIK,2,15,103.98771158854167,19.33481429497242,6
TIK,2,16,96.48613630022321,30.151030189010747,7
TIK,2,18,128.14060974121094,36.856402248293506,8
TIK,2,19,130.89921061197916,15.600887768551305,9
TIK,2,14,94.19072265625,23.97292601211234,5
TIK,2,6,136.81884765625,19.11333797297509,6
TIK,2,17,80.96475219726562,13.680041449213,4
TIK,2,21,122.97617594401042,54.618964593746405,6
TIK,2,20,154.29203287760416,104.68727201969949,3
TIK,2,7,74.24774169921875,13.8255985488445,4
TIK,2,8,89.77825927734375,16.80319998609399,4
TIK,2,22,89.34814453125,0.0,1
TIK,2,10,87.1180419921875,0.0,1
TIK,3,10,145.23628743489584,60.70271363262852,3
TIK,3,12,103.5174560546875,28.223264823344792,8
TIK,3,13,127.41554888556985,48.69234703597298,17
TIK,3,14,82.75694928850446,14.735010811644344,14
TIK,3,22,99.23409423828124,28.99197021481332,10
TIK,3,15,70.669189453125,12.533794878749356,3
TIK,3,19,81.98816856971153,20.64228059306981,26
TIK,3,20,96.33292643229167,22.294740372276035,3
TIK,3,11,72.8861083984375,9.069304194716075,6
TIK,3,18,98.87776692708333,30.88504693755241,24
TIK,3,17,89.595263671875,12.483902542856814,5
TIK,3,6,130.91742815290178,69.98349425567552,7
TIK,3,7,156.1907958984375,80.41260916695177,3
TIK,3,21,82.511474609375,11.784912109375,2
TIK,3,16,72.89932686941964,12.482987693170307,7
TIK,3,8,119.3980908203125,40.993218393795644,25
TIK,3,23,65.94775390625,0.0,1
TIK,3,9,86.23264567057292,14.954736924397283,12
TIK,4,19,114.75826416015624,31.27743115959231,20
TIK,4,20,85.1657958984375,16.955507129699047,10
TIK,4,21,90.64544677734375,31.214061347324858,4
TIK,4,7,123.67872032752403,37.21388965822281,13
TIK,4,15,72.24930826822917,8.87120444682582,6
TIK,4,12,61.69189453125,0.0,1
TIK,4,11,78.04525320870536,12.223163926969136,7
TIK,4,14,71.9635009765625,0.0,1
TIK,4,17,112.37892659505208,39.476711203736926,6
TIK,4,18,71.855712890625,5.667236328125,2
TIK,4,10,68.77313232421875,8.19256591796875,2
TIK,4,13,62.1622314453125,0.0,1
TIK,4,6,82.32747395833333,13.78806704793452,3
TIK,4,16,84.66035970052083,18.514052717926877,3
TIK,4,9,86.97552490234375,17.926908483888756,6
TIK,4,22,61.0501708984375,0.0,1
TIK,4,8,71.2364501953125,7.474288338952985,4
TIK,5,20,70.54256184895833,4.681486072658418,6
TIK,5,22,79.005126953125,25.93214473261671,4
TIK,5,14,60.731201171875,0.0,1
TIK,5,17,85.6243896484375,20.773101072251997,3
TIK,5,18,84.86109337439903,30.715549894875213,13
TIK,5,6,63.1136474609375,1.7821044921875,2
TIK,5,19,79.34923299153645,14.323523516814586,12
TIK,5,7,78.3807373046875,22.76762016833332,3
TIK,5,10,66.17887369791667,0.6989962355773538,3
TIK,5,11,64.7379150390625,0.0,1
TIK,5,9,76.5904541015625,16.767893539362174,3
TIK,5,16,61.3079833984375,0.0,1
TIK,5,8,75.88742065429688,10.519529831484611,4
TIK,5,15,80.000732421875,16.334782901512156,3
TIK,5,23,80.3057861328125,0.0,1
TIK,0,9,86.09095348011364,15.31443755310997,11
TIK,0,19,88.5421142578125,25.541300205139738,10
TIK,0,12,62.35272216796875,1.79449462890625,2
TIK,0,18,81.556201171875,12.57641424015148,10
TIK,0,8,78.26642400568181,16.048465033169805,11
TIK,0,10,76.24664306640625,7.47283935546875,2
TIK,0,16,66.23873901367188,3.5328652459945444,4
TIK,0,17,85.94610595703125,25.17095947265625,2
TIK,0,6,68.123779296875,5.1748046875,2
TIK,0,7,68.16021728515625,5.20257568359375,2
TIK,0,22,94.9625244140625,0.0,1
